vehicle_id,timestamp,latitude,longitude,speed
vehicle_1,2024-10-11 08:00:00,40.712008643755,-74.00762156090994,35
vehicle_2,2024-10-11 08:05:00,40.71457687005626,-74.00662800174094,57
vehicle_3,2024-10-11 08:10:00,40.71255806900002,-74.00618553332222,26
vehicle_4,2024-10-11 08:15:00,40.713656208093965,-74.00977273749783,63
vehicle_5,2024-10-11 08:20:00,40.71324739250207,-74.00676699778026,42
vehicle_6,2024-10-11 08:25:00,40.71415896144983,-74.00886629407796,60
vehicle_7,2024-10-11 08:30:00,40.713113484844364,-74.00664983731096,78
vehicle_8,2024-10-11 08:35:00,40.714609289530046,-74.00765834907033,30
vehicle_9,2024-10-11 08:40:00,40.71419148908288,-74.00613223629067,61
vehicle_10,2024-10-11 08:45:00,40.71394313951319,-74.00938299592397,72
vehicle_11,2024-10-11 08:50:00,40.71438872178669,-74.00686838824171,52
vehicle_12,2024-10-11 08:55:00,40.71426206910479,-74.00860764635536,69
vehicle_13,2024-10-11 09:00:00,40.71210781602477,-74.00573509002335,55
vehicle_14,2024-10-11 09:05:00,40.71318420306154,-74.00535808247182,56
vehicle_15,2024-10-11 09:10:00,40.71479242189195,-74.00501800853161,60
vehicle_16,2024-10-11 09:15:00,40.71237717280698,-74.00601996298786,78
vehicle_17,2024-10-11 09:20:00,40.7142112896513,-74.00623132964786,36
vehicle_18,2024-10-11 09:25:00,40.71492377543401,-74.00892249620567,54
vehicle_19,2024-10-11 09:30:00,40.71215659588714,-74.00831996470505,67
vehicle_20,2024-10-11 09:35:00,40.71404658164188,-74.00767158729118,24
vehicle_21,2024-10-11 09:40:00,40.71340446242391,-74.00613309476108,67
vehicle_22,2024-10-11 09:45:00,40.71373752576613,-74.00542517067461,51
vehicle_23,2024-10-11 09:50:00,40.712256024009456,-74.00905430449988,22
vehicle_24,2024-10-11 09:55:00,40.712129020855606,-74.00538816257665,71
vehicle_25,2024-10-11 10:00:00,40.71400059998166,-74.00652187673823,66
vehicle_26,2024-10-11 10:05:00,40.71446992828947,-74.00694614634658,54
vehicle_27,2024-10-11 10:10:00,40.7143460460048,-74.0090007936436,71
vehicle_28,2024-10-11 10:15:00,40.7136314171836,-74.00972237483596,33
vehicle_29,2024-10-11 10:20:00,40.71229960046341,-74.00715767550746,67
vehicle_30,2024-10-11 10:25:00,40.71406413333151,-74.00674242158335,50
vehicle_31,2024-10-11 10:30:00,40.71272566665066,-74.00894609275323,50
vehicle_32,2024-10-11 10:35:00,40.714733206108306,-74.00721771897088,36
vehicle_33,2024-10-11 10:40:00,40.71451479607864,-74.00571753298618,79
vehicle_34,2024-10-11 10:45:00,40.71412814890127,-74.00582467027272,43
vehicle_35,2024-10-11 10:50:00,40.714846537867494,-74.00536322409707,71
vehicle_36,2024-10-11 10:55:00,40.712094265464536,-74.00817057095222,42
vehicle_37,2024-10-11 11:00:00,40.71420860127519,-74.00840975213725,37
vehicle_38,2024-10-11 11:05:00,40.71299072833801,-74.0062528699701,69
vehicle_39,2024-10-11 11:10:00,40.714718197657064,-74.00784443797451,73
vehicle_40,2024-10-11 11:15:00,40.71280002558999,-74.00956225667987,33
vehicle_41,2024-10-11 11:20:00,40.71417456949795,-74.00858599434665,69
vehicle_42,2024-10-11 11:25:00,40.71463294105896,-74.00790708857234,34
vehicle_43,2024-10-11 11:30:00,40.71212497045515,-74.00853741787262,34
vehicle_44,2024-10-11 11:35:00,40.71319294273878,-74.00833897214527,25
vehicle_45,2024-10-11 11:40:00,40.71428692709607,-74.00853112046913,46
vehicle_46,2024-10-11 11:45:00,40.713364756668526,-74.0097925041641,34
vehicle_47,2024-10-11 11:50:00,40.71280175788939,-74.00681452649587,69
vehicle_48,2024-10-11 11:55:00,40.71265941604647,-74.00701353789823,55
vehicle_49,2024-10-11 12:00:00,40.71239455480075,-74.00673308250761,74
vehicle_50,2024-10-11 12:05:00,40.71457138867957,-74.00903845051984,27
vehicle_1,2024-10-11 12:10:00,40.71372606620976,-74.00852172729194,34
vehicle_2,2024-10-11 12:15:00,40.71222915483498,-74.00690192036528,22
vehicle_3,2024-10-11 12:20:00,40.71314774097072,-74.0070018621577,66
vehicle_4,2024-10-11 12:25:00,40.71310320095242,-74.00746834845323,32
vehicle_5,2024-10-11 12:30:00,40.712545217572135,-74.00824793374996,60
vehicle_6,2024-10-11 12:35:00,40.71330652287642,-74.00543534497612,53
vehicle_7,2024-10-11 12:40:00,40.71299629809618,-74.0083011487885,43
vehicle_8,2024-10-11 12:45:00,40.71302541111648,-74.00772190421782,59
vehicle_9,2024-10-11 12:50:00,40.71421707967337,-74.00660943084523,51
vehicle_10,2024-10-11 12:55:00,40.71266979015652,-74.00728489284566,51
vehicle_11,2024-10-11 13:00:00,40.713925579876566,-74.00826557011818,49
vehicle_12,2024-10-11 13:05:00,40.71371194887165,-74.00782177604772,71
vehicle_13,2024-10-11 13:10:00,40.71370427753702,-74.00602759591072,68
vehicle_14,2024-10-11 13:15:00,40.713989022038426,-74.00860935422257,32
vehicle_15,2024-10-11 13:20:00,40.71364514610859,-74.00928872380112,20
vehicle_16,2024-10-11 13:25:00,40.71463776534454,-74.00843418399086,53
vehicle_17,2024-10-11 13:30:00,40.714026740275855,-74.00575232892255,34
vehicle_18,2024-10-11 13:35:00,40.71364088975412,-74.00955505142572,63
vehicle_19,2024-10-11 13:40:00,40.71448928936087,-74.00504151963314,33
vehicle_20,2024-10-11 13:45:00,40.713818439694805,-74.00729498550537,76
vehicle_21,2024-10-11 13:50:00,40.71287343274336,-74.00507577128016,48
vehicle_22,2024-10-11 13:55:00,40.71262128475453,-74.00530501788957,53
vehicle_23,2024-10-11 14:00:00,40.712456983356994,-74.00773593142894,37
vehicle_24,2024-10-11 14:05:00,40.714698365637645,-74.00900754462698,73
vehicle_25,2024-10-11 14:10:00,40.714130406295396,-74.00917557611717,26
vehicle_26,2024-10-11 14:15:00,40.714812135314496,-74.00880005318065,48
vehicle_27,2024-10-11 14:20:00,40.71380987541715,-74.00644933679717,74
vehicle_28,2024-10-11 14:25:00,40.713420202644485,-74.00863525002634,50
vehicle_29,2024-10-11 14:30:00,40.71217914946691,-74.00829287365198,44
vehicle_30,2024-10-11 14:35:00,40.71401492684464,-74.00775610598002,57
vehicle_31,2024-10-11 14:40:00,40.71374662627931,-74.00543383659789,33
vehicle_32,2024-10-11 14:45:00,40.71497062668077,-74.00905303291059,27
vehicle_33,2024-10-11 14:50:00,40.71271747633335,-74.00997486723696,46
vehicle_34,2024-10-11 14:55:00,40.71359221206586,-74.0096995179481,73
vehicle_35,2024-10-11 15:00:00,40.71395287200536,-74.0054761682916,21
vehicle_36,2024-10-11 15:05:00,40.71393377352423,-74.00676241767579,36
vehicle_37,2024-10-11 15:10:00,40.71368388062885,-74.00863479690337,56
vehicle_38,2024-10-11 15:15:00,40.714330784030984,-74.00911403749495,33
vehicle_39,2024-10-11 15:20:00,40.71261494362859,-74.00852866631682,44
vehicle_40,2024-10-11 15:25:00,40.71417688160083,-74.00942601536374,75
vehicle_41,2024-10-11 15:30:00,40.7138592037143,-74.00529233544857,49
vehicle_42,2024-10-11 15:35:00,40.71468822533539,-74.00607896912817,48
vehicle_43,2024-10-11 15:40:00,40.71454158331711,-74.00768804411544,39
vehicle_44,2024-10-11 15:45:00,40.7129454411174,-74.00567518697441,40
vehicle_45,2024-10-11 15:50:00,40.71282871197493,-74.00875270897853,72
vehicle_46,2024-10-11 15:55:00,40.71494495997156,-74.00641439715764,41
vehicle_47,2024-10-11 16:00:00,40.71358179554275,-74.00571933750493,54
vehicle_48,2024-10-11 16:05:00,40.71471926289175,-74.00821615644189,56
vehicle_49,2024-10-11 16:10:00,40.712491643071345,-74.00621267777274,35
vehicle_50,2024-10-11 16:15:00,40.713928456744405,-74.00852463825368,69
vehicle_1,2024-10-11 16:20:00,40.71442958056208,-74.0085057143237,77
vehicle_2,2024-10-11 16:25:00,40.714842185748765,-74.00946471410724,68
vehicle_3,2024-10-11 16:30:00,40.71301202042306,-74.00779970976745,62
vehicle_4,2024-10-11 16:35:00,40.714174943509775,-74.00635144046751,36
vehicle_5,2024-10-11 16:40:00,40.71361643902712,-74.00529889597215,35
vehicle_6,2024-10-11 16:45:00,40.712181886778204,-74.00698101504035,77
vehicle_7,2024-10-11 16:50:00,40.71406999921193,-74.00568432231132,74
vehicle_8,2024-10-11 16:55:00,40.714070289674716,-74.00588752675354,21
vehicle_9,2024-10-11 17:00:00,40.71479182041454,-74.00913328473513,23
vehicle_10,2024-10-11 17:05:00,40.71349193733851,-74.00757091285544,40
vehicle_11,2024-10-11 17:10:00,40.712690752762136,-74.00941538232237,58
vehicle_12,2024-10-11 17:15:00,40.71213369147035,-74.00658923419219,53
vehicle_13,2024-10-11 17:20:00,40.71324692656006,-74.00525050165876,49
vehicle_14,2024-10-11 17:25:00,40.712905750100234,-74.00931455270961,25
vehicle_15,2024-10-11 17:30:00,40.71428326491807,-74.00633058434599,36
vehicle_16,2024-10-11 17:35:00,40.71306280329453,-74.00683880924566,58
vehicle_17,2024-10-11 17:40:00,40.714847213588946,-74.00708197481497,44
vehicle_18,2024-10-11 17:45:00,40.71488693060897,-74.00804939882656,24
vehicle_19,2024-10-11 17:50:00,40.71386272577065,-74.00822434176123,24
vehicle_20,2024-10-11 17:55:00,40.714785980861045,-74.0097737540549,39
vehicle_21,2024-10-11 18:00:00,40.71428256303355,-74.00891045645874,35
vehicle_22,2024-10-11 18:05:00,40.71364057892293,-74.00992411558857,70
vehicle_23,2024-10-11 18:10:00,40.71254092380627,-74.0070929144721,60
vehicle_24,2024-10-11 18:15:00,40.713375793830544,-74.00947073382062,56
vehicle_25,2024-10-11 18:20:00,40.71368262339009,-74.00563490302984,59
vehicle_26,2024-10-11 18:25:00,40.714591884742205,-74.00738428489652,28
vehicle_27,2024-10-11 18:30:00,40.71344400012961,-74.0065015504547,24
vehicle_28,2024-10-11 18:35:00,40.71469302401804,-74.0079457145408,61
vehicle_29,2024-10-11 18:40:00,40.71402304693707,-74.007197100955,76
vehicle_30,2024-10-11 18:45:00,40.71241099718917,-74.00528670411516,21
vehicle_31,2024-10-11 18:50:00,40.714984944107975,-74.00958632980189,28
vehicle_32,2024-10-11 18:55:00,40.713581697982264,-74.00873031114038,62
vehicle_33,2024-10-11 19:00:00,40.71317557488923,-74.00610005836545,55
vehicle_34,2024-10-11 19:05:00,40.713977341293415,-74.00950631396559,41
vehicle_35,2024-10-11 19:10:00,40.712326679941945,-74.00962169448049,41
vehicle_36,2024-10-11 19:15:00,40.71390961594027,-74.00819229300623,41
vehicle_37,2024-10-11 19:20:00,40.7134947080015,-74.00953916020764,53
vehicle_38,2024-10-11 19:25:00,40.71322002221,-74.00707460778897,74
vehicle_39,2024-10-11 19:30:00,40.71485906006354,-74.00886862374593,48
vehicle_40,2024-10-11 19:35:00,40.7135676191502,-74.005521510184,57
vehicle_41,2024-10-11 19:40:00,40.71265735243841,-74.00608249959578,78
vehicle_42,2024-10-11 19:45:00,40.713376890438134,-74.00650147396951,65
vehicle_43,2024-10-11 19:50:00,40.71475816221372,-74.00691527986308,52
vehicle_44,2024-10-11 19:55:00,40.71252828641399,-74.0056826713483,37
vehicle_45,2024-10-11 20:00:00,40.71264187111607,-74.0088846896923,26
vehicle_46,2024-10-11 20:05:00,40.71203908870327,-74.00563445578618,20
vehicle_47,2024-10-11 20:10:00,40.71204257014819,-74.00605253850787,52
vehicle_48,2024-10-11 20:15:00,40.71448817488088,-74.00625919586805,20
vehicle_49,2024-10-11 20:20:00,40.714196367820534,-74.00719372160962,43
vehicle_50,2024-10-11 20:25:00,40.71306512316936,-74.00876877919515,23
vehicle_1,2024-10-11 20:30:00,40.714094933471685,-74.00788226042005,23
vehicle_2,2024-10-11 20:35:00,40.71318561777893,-74.0060321467273,37
vehicle_3,2024-10-11 20:40:00,40.714858690388,-74.00984110757823,46
vehicle_4,2024-10-11 20:45:00,40.714901158044285,-74.00608974615368,62
vehicle_5,2024-10-11 20:50:00,40.71317838132743,-74.00879964629756,78
vehicle_6,2024-10-11 20:55:00,40.71456266571903,-74.0092784539964,51
vehicle_7,2024-10-11 21:00:00,40.7143192671251,-74.0094214934091,52
vehicle_8,2024-10-11 21:05:00,40.71292999981152,-74.00986374994025,47
vehicle_9,2024-10-11 21:10:00,40.71269611948671,-74.00738206757389,61
vehicle_10,2024-10-11 21:15:00,40.71337470395118,-74.00890870063654,60
vehicle_11,2024-10-11 21:20:00,40.714344046521845,-74.00505284117109,74
vehicle_12,2024-10-11 21:25:00,40.71488050335419,-74.00712781622065,55
vehicle_13,2024-10-11 21:30:00,40.7142907372066,-74.00931057365322,79
vehicle_14,2024-10-11 21:35:00,40.71456562095506,-74.00655618729594,25
vehicle_15,2024-10-11 21:40:00,40.71380919291852,-74.00551128216745,35
vehicle_16,2024-10-11 21:45:00,40.71450622349253,-74.00627410252315,53
vehicle_17,2024-10-11 21:50:00,40.714353262574015,-74.00961780069481,42
vehicle_18,2024-10-11 21:55:00,40.71313095662578,-74.00552057909404,69
vehicle_19,2024-10-11 22:00:00,40.713655970906366,-74.0060303530707,61
vehicle_20,2024-10-11 22:05:00,40.714414259365974,-74.00920848049948,43
vehicle_21,2024-10-11 22:10:00,40.71213817020257,-74.00974107055634,75
vehicle_22,2024-10-11 22:15:00,40.71442423784707,-74.00721344712343,68
vehicle_23,2024-10-11 22:20:00,40.71253366437215,-74.0092198209433,32
vehicle_24,2024-10-11 22:25:00,40.71354405085137,-74.00582704523703,75
vehicle_25,2024-10-11 22:30:00,40.71442482631867,-74.00820832671664,37
vehicle_26,2024-10-11 22:35:00,40.71276146323447,-74.00543553777631,73
vehicle_27,2024-10-11 22:40:00,40.71273742231792,-74.0071715591393,32
vehicle_28,2024-10-11 22:45:00,40.71320829319539,-74.0090866380788,68
vehicle_29,2024-10-11 22:50:00,40.71468392839274,-74.0093020056632,56
vehicle_30,2024-10-11 22:55:00,40.712001328344314,-74.00711763781221,62
vehicle_31,2024-10-11 23:00:00,40.71470414928993,-74.00619058194069,58
vehicle_32,2024-10-11 23:05:00,40.712461421073925,-74.00609247176129,61
vehicle_33,2024-10-11 23:10:00,40.71497025912821,-74.0086212129778,36
vehicle_34,2024-10-11 23:15:00,40.71486454097912,-74.00897876620544,34
vehicle_35,2024-10-11 23:20:00,40.713484025568775,-74.00991621847754,37
vehicle_36,2024-10-11 23:25:00,40.71353816074344,-74.006604004244,42
vehicle_37,2024-10-11 23:30:00,40.71344464802083,-74.00961715870784,73
vehicle_38,2024-10-11 23:35:00,40.71390633093698,-74.00789619399117,70
vehicle_39,2024-10-11 23:40:00,40.71227216510671,-74.0069915891799,49
vehicle_40,2024-10-11 23:45:00,40.71209785384503,-74.0053144552754,77
vehicle_41,2024-10-11 23:50:00,40.71217310878525,-74.00844098931522,53
vehicle_42,2024-10-11 23:55:00,40.71333309604773,-74.00875113918777,77
vehicle_43,2024-10-12 00:00:00,40.712826643817664,-74.00672919922857,23
vehicle_44,2024-10-12 00:05:00,40.713866118687115,-74.00690380483974,22
vehicle_45,2024-10-12 00:10:00,40.71497732686813,-74.00833945108346,26
vehicle_46,2024-10-12 00:15:00,40.713158969519235,-74.00535949082244,75
vehicle_47,2024-10-12 00:20:00,40.71372152376232,-74.00577568836255,37
vehicle_48,2024-10-12 00:25:00,40.713246811687725,-74.00888008727068,61
vehicle_49,2024-10-12 00:30:00,40.714541815003166,-74.00880428727282,26
vehicle_50,2024-10-12 00:35:00,40.71470670921039,-74.00743849826557,59
vehicle_1,2024-10-12 00:40:00,40.71463206683662,-74.00613213949134,25
vehicle_2,2024-10-12 00:45:00,40.714923116716044,-74.00977979810307,41
vehicle_3,2024-10-12 00:50:00,40.712082557555426,-74.00653332423133,77
vehicle_4,2024-10-12 00:55:00,40.71451944848644,-74.00675882051308,20
vehicle_5,2024-10-12 01:00:00,40.71425531651912,-74.00884259952043,23
vehicle_6,2024-10-12 01:05:00,40.712686083228206,-74.00659323493379,65
vehicle_7,2024-10-12 01:10:00,40.714868960280164,-74.00529908404374,68
vehicle_8,2024-10-12 01:15:00,40.71244453378469,-74.00976607077514,71
vehicle_9,2024-10-12 01:20:00,40.71403864978141,-74.00840173972354,69
vehicle_10,2024-10-12 01:25:00,40.71267467065045,-74.00780911641667,62
vehicle_11,2024-10-12 01:30:00,40.71329414194633,-74.00550369820537,48
vehicle_12,2024-10-12 01:35:00,40.71415747969084,-74.00518869276695,40
vehicle_13,2024-10-12 01:40:00,40.7136899739261,-74.00777942376752,45
vehicle_14,2024-10-12 01:45:00,40.713282505493986,-74.00624985793928,33
vehicle_15,2024-10-12 01:50:00,40.7129790152928,-74.00734169488118,28
vehicle_16,2024-10-12 01:55:00,40.71451897896713,-74.0073110853263,78
vehicle_17,2024-10-12 02:00:00,40.712431443050946,-74.00860950242468,66
vehicle_18,2024-10-12 02:05:00,40.713290308629595,-74.00891521877068,31
vehicle_19,2024-10-12 02:10:00,40.71471127271533,-74.00855997327038,61
vehicle_20,2024-10-12 02:15:00,40.714537548651386,-74.00721835996372,70
vehicle_21,2024-10-12 02:20:00,40.713202825287425,-74.0098542240699,75
vehicle_22,2024-10-12 02:25:00,40.71428932509081,-74.00546375527821,70
vehicle_23,2024-10-12 02:30:00,40.71446948249213,-74.00921858145226,25
vehicle_24,2024-10-12 02:35:00,40.714666662272016,-74.00889955661565,39
vehicle_25,2024-10-12 02:40:00,40.71363351730715,-74.00740861911777,43
vehicle_26,2024-10-12 02:45:00,40.71261338265817,-74.00644942616832,46
vehicle_27,2024-10-12 02:50:00,40.71276592722951,-74.00952135472629,57
vehicle_28,2024-10-12 02:55:00,40.71288708402213,-74.00841152651226,27
vehicle_29,2024-10-12 03:00:00,40.71378140744243,-74.00515662697212,20
vehicle_30,2024-10-12 03:05:00,40.71209842887239,-74.0086882851661,73
vehicle_31,2024-10-12 03:10:00,40.71390812740634,-74.00843474927468,68
vehicle_32,2024-10-12 03:15:00,40.71309306271529,-74.00581750754691,68
vehicle_33,2024-10-12 03:20:00,40.712885725407475,-74.00974892784156,43
vehicle_34,2024-10-12 03:25:00,40.714638489712186,-74.00767693415595,66
vehicle_35,2024-10-12 03:30:00,40.71338000718674,-74.00810191617774,26
vehicle_36,2024-10-12 03:35:00,40.7122851591366,-74.00841706620047,38
vehicle_37,2024-10-12 03:40:00,40.714480240304084,-74.00857150202978,41
vehicle_38,2024-10-12 03:45:00,40.71214292377231,-74.0095431294757,76
vehicle_39,2024-10-12 03:50:00,40.71418024767251,-74.00842587085324,74
vehicle_40,2024-10-12 03:55:00,40.71432171866532,-74.00978473798642,79
vehicle_41,2024-10-12 04:00:00,40.71305780781779,-74.00609518068177,54
vehicle_42,2024-10-12 04:05:00,40.71447436356884,-74.0080088610302,49
vehicle_43,2024-10-12 04:10:00,40.71354697821757,-74.0077804808384,48
vehicle_44,2024-10-12 04:15:00,40.713389880959824,-74.00553202706774,41
vehicle_45,2024-10-12 04:20:00,40.71213620984441,-74.0067097250807,30
vehicle_46,2024-10-12 04:25:00,40.71287008758095,-74.0099597044833,39
vehicle_47,2024-10-12 04:30:00,40.71479302991266,-74.00528412588518,48
vehicle_48,2024-10-12 04:35:00,40.713175471889855,-74.00881427767011,70
vehicle_49,2024-10-12 04:40:00,40.71364010156167,-74.00946192907621,60
vehicle_50,2024-10-12 04:45:00,40.71359606503695,-74.0061593591081,61
vehicle_1,2024-10-12 04:50:00,40.713771293269474,-74.00749761342067,53
vehicle_2,2024-10-12 04:55:00,40.71218399286693,-74.00783114716991,20
vehicle_3,2024-10-12 05:00:00,40.7130865287644,-74.00875248460159,50
vehicle_4,2024-10-12 05:05:00,40.71416938482165,-74.00726264255069,49
vehicle_5,2024-10-12 05:10:00,40.712601680753224,-74.00862807697399,67
vehicle_6,2024-10-12 05:15:00,40.71261073513264,-74.00549208497357,37
vehicle_7,2024-10-12 05:20:00,40.71203027182007,-74.00892397760134,74
vehicle_8,2024-10-12 05:25:00,40.71331244577983,-74.00557822424771,77
vehicle_9,2024-10-12 05:30:00,40.714648203142026,-74.00720297287137,36
vehicle_10,2024-10-12 05:35:00,40.71215570283076,-74.00585755933052,57
vehicle_11,2024-10-12 05:40:00,40.712573356128495,-74.00643577002069,33
vehicle_12,2024-10-12 05:45:00,40.712930253615035,-74.00651652444282,42
vehicle_13,2024-10-12 05:50:00,40.7141951742097,-74.00837827096153,44
vehicle_14,2024-10-12 05:55:00,40.71392190677841,-74.00883051534264,34
vehicle_15,2024-10-12 06:00:00,40.71324783171375,-74.0089455688616,65
vehicle_16,2024-10-12 06:05:00,40.714277206817776,-74.0057140417147,75
vehicle_17,2024-10-12 06:10:00,40.71382889303497,-74.0058978658987,41
vehicle_18,2024-10-12 06:15:00,40.714688122398975,-74.00779713235994,22
vehicle_19,2024-10-12 06:20:00,40.71445408024742,-74.00933797693253,75
vehicle_20,2024-10-12 06:25:00,40.71275844081827,-74.00808873874011,74
vehicle_21,2024-10-12 06:30:00,40.712814315732906,-74.00690328272931,38
vehicle_22,2024-10-12 06:35:00,40.71237606942738,-74.0077279842276,76
vehicle_23,2024-10-12 06:40:00,40.71301089417715,-74.00609905365758,63
vehicle_24,2024-10-12 06:45:00,40.71499863175616,-74.00501188588873,53
vehicle_25,2024-10-12 06:50:00,40.713217253505846,-74.00904433955776,54
vehicle_26,2024-10-12 06:55:00,40.71266146530407,-74.0077017459017,69
vehicle_27,2024-10-12 07:00:00,40.71428744865343,-74.0078450804904,20
vehicle_28,2024-10-12 07:05:00,40.71362741301039,-74.00847753733626,71
vehicle_29,2024-10-12 07:10:00,40.71244880434858,-74.0090095224164,40
vehicle_30,2024-10-12 07:15:00,40.713142069043485,-74.00967153941755,48
vehicle_31,2024-10-12 07:20:00,40.71324340914662,-74.00556440341389,25
vehicle_32,2024-10-12 07:25:00,40.71426148910171,-74.00790075651157,56
vehicle_33,2024-10-12 07:30:00,40.71206201410668,-74.0075155224075,20
vehicle_34,2024-10-12 07:35:00,40.7128070589404,-74.00541528975899,70
vehicle_35,2024-10-12 07:40:00,40.71355278890395,-74.00611854761242,20
vehicle_36,2024-10-12 07:45:00,40.71280654022736,-74.00934749367941,46
vehicle_37,2024-10-12 07:50:00,40.71388530214226,-74.00717290016196,40
vehicle_38,2024-10-12 07:55:00,40.71344560243783,-74.0077887386174,72
vehicle_39,2024-10-12 08:00:00,40.71308513076458,-74.0060139446371,35
vehicle_40,2024-10-12 08:05:00,40.714847625880616,-74.00637883726193,63
vehicle_41,2024-10-12 08:10:00,40.71389647849756,-74.00654797139045,78
vehicle_42,2024-10-12 08:15:00,40.712389824116805,-74.0082972758226,73
vehicle_43,2024-10-12 08:20:00,40.71368027509234,-74.005975181348,59
vehicle_44,2024-10-12 08:25:00,40.7143421955596,-74.00973804352203,45
vehicle_45,2024-10-12 08:30:00,40.71412546909248,-74.00920187549285,35
vehicle_46,2024-10-12 08:35:00,40.71251626768789,-74.00832188363512,47
vehicle_47,2024-10-12 08:40:00,40.71491725999712,-74.00961596279465,20
vehicle_48,2024-10-12 08:45:00,40.713346440937244,-74.00882502861234,55
vehicle_49,2024-10-12 08:50:00,40.71247707501122,-74.005849245085,29
vehicle_50,2024-10-12 08:55:00,40.71254058726239,-74.00525874231104,62
vehicle_1,2024-10-12 09:00:00,40.71229470497657,-74.00847698822113,36
vehicle_2,2024-10-12 09:05:00,40.714410554325305,-74.00867742098006,76
vehicle_3,2024-10-12 09:10:00,40.71236609148297,-74.00860053673877,78
vehicle_4,2024-10-12 09:15:00,40.71237537577143,-74.00861140456325,42
vehicle_5,2024-10-12 09:20:00,40.71455141484429,-74.00982034908907,26
vehicle_6,2024-10-12 09:25:00,40.71303381225334,-74.00536541826834,63
vehicle_7,2024-10-12 09:30:00,40.71209257371293,-74.00893150929215,72
vehicle_8,2024-10-12 09:35:00,40.71215568589856,-74.0078999796296,26
vehicle_9,2024-10-12 09:40:00,40.71242651134011,-74.0099515655863,63
vehicle_10,2024-10-12 09:45:00,40.712640180043934,-74.00571022454542,34
vehicle_11,2024-10-12 09:50:00,40.71399543858272,-74.00634421327773,53
vehicle_12,2024-10-12 09:55:00,40.71247197884001,-74.00526621982412,65
vehicle_13,2024-10-12 10:00:00,40.712356623173534,-74.00609192260401,64
vehicle_14,2024-10-12 10:05:00,40.71429415742443,-74.00843146743973,23
vehicle_15,2024-10-12 10:10:00,40.71401316585158,-74.00876063320636,33
vehicle_16,2024-10-12 10:15:00,40.71330597266437,-74.00651141846224,33
vehicle_17,2024-10-12 10:20:00,40.71364792931444,-74.00817943612495,35
vehicle_18,2024-10-12 10:25:00,40.71293595206098,-74.00716892492123,26
vehicle_19,2024-10-12 10:30:00,40.71344750126071,-74.00996871264488,51
vehicle_20,2024-10-12 10:35:00,40.713520017946955,-74.0096905714916,38
vehicle_21,2024-10-12 10:40:00,40.71316171181354,-74.00732316029409,21
vehicle_22,2024-10-12 10:45:00,40.71471971663202,-74.00716964176776,29
vehicle_23,2024-10-12 10:50:00,40.712048185594945,-74.0062427352777,69
vehicle_24,2024-10-12 10:55:00,40.71434651378928,-74.00934017340188,36
vehicle_25,2024-10-12 11:00:00,40.712373148493725,-74.00743408458122,56
vehicle_26,2024-10-12 11:05:00,40.71439264208161,-74.00902776177784,31
vehicle_27,2024-10-12 11:10:00,40.71384773574703,-74.0095340194022,25
vehicle_28,2024-10-12 11:15:00,40.71452983427281,-74.00794752102969,41
vehicle_29,2024-10-12 11:20:00,40.712292542976925,-74.00918331675956,51
vehicle_30,2024-10-12 11:25:00,40.7136769419023,-74.00889109010905,60
vehicle_31,2024-10-12 11:30:00,40.71350326364079,-74.00841222710065,39
vehicle_32,2024-10-12 11:35:00,40.714118579548895,-74.00870305799629,20
vehicle_33,2024-10-12 11:40:00,40.71360287165569,-74.00956204351297,73
vehicle_34,2024-10-12 11:45:00,40.713622203701405,-74.0095504187757,66
vehicle_35,2024-10-12 11:50:00,40.713288787830734,-74.00903375292383,72
vehicle_36,2024-10-12 11:55:00,40.71292650327202,-74.0097472040602,77
vehicle_37,2024-10-12 12:00:00,40.71344679308376,-74.00686771490162,25
vehicle_38,2024-10-12 12:05:00,40.71235547707631,-74.00856336641746,38
vehicle_39,2024-10-12 12:10:00,40.71488454001695,-74.00860127016115,37
vehicle_40,2024-10-12 12:15:00,40.71414323229088,-74.00834000852882,25
vehicle_41,2024-10-12 12:20:00,40.714857401350066,-74.00668601862895,64
vehicle_42,2024-10-12 12:25:00,40.71268018214699,-74.00564683059258,52
vehicle_43,2024-10-12 12:30:00,40.71463802306053,-74.00620456533721,42
vehicle_44,2024-10-12 12:35:00,40.71442636995369,-74.00636235384887,42
vehicle_45,2024-10-12 12:40:00,40.714031457237375,-74.00757804407199,45
vehicle_46,2024-10-12 12:45:00,40.71387508755826,-74.00653097221516,32
vehicle_47,2024-10-12 12:50:00,40.71294964899581,-74.00723618815984,26
vehicle_48,2024-10-12 12:55:00,40.7144492323549,-74.00891874735908,34
vehicle_49,2024-10-12 13:00:00,40.71350454638444,-74.0089570581613,63
vehicle_50,2024-10-12 13:05:00,40.712212674727674,-74.00851803996562,46
vehicle_1,2024-10-12 13:10:00,40.71293858948257,-74.00544598664514,45
vehicle_2,2024-10-12 13:15:00,40.71480589129564,-74.0072629257981,52
vehicle_3,2024-10-12 13:20:00,40.71455204078182,-74.00633047311499,34
vehicle_4,2024-10-12 13:25:00,40.71494571709423,-74.00826720620091,55
vehicle_5,2024-10-12 13:30:00,40.71388398014781,-74.00796142114667,64
vehicle_6,2024-10-12 13:35:00,40.71274253021942,-74.00937217210682,74
vehicle_7,2024-10-12 13:40:00,40.712488445149035,-74.00914352521089,46
vehicle_8,2024-10-12 13:45:00,40.71256074332183,-74.00586321722587,76
vehicle_9,2024-10-12 13:50:00,40.71205938697504,-74.00707580684156,24
vehicle_10,2024-10-12 13:55:00,40.713172046332964,-74.00831233767059,21
vehicle_11,2024-10-12 14:00:00,40.712574283041505,-74.00598574395502,74
vehicle_12,2024-10-12 14:05:00,40.71323496638137,-74.00876740047181,77
vehicle_13,2024-10-12 14:10:00,40.71480498329552,-74.00511983650699,52
vehicle_14,2024-10-12 14:15:00,40.713291620628524,-74.00827591196128,35
vehicle_15,2024-10-12 14:20:00,40.71463395349096,-74.00831344522925,42
vehicle_16,2024-10-12 14:25:00,40.71381651429985,-74.00844044047231,57
vehicle_17,2024-10-12 14:30:00,40.712741394663986,-74.00938944242039,74
vehicle_18,2024-10-12 14:35:00,40.71306756427778,-74.00944431426335,35
vehicle_19,2024-10-12 14:40:00,40.712251758607465,-74.00675947482733,33
vehicle_20,2024-10-12 14:45:00,40.71300038778079,-74.00562440977721,48
vehicle_21,2024-10-12 14:50:00,40.71403262283651,-74.00604739744864,45
vehicle_22,2024-10-12 14:55:00,40.71221633327879,-74.0092944620299,54
vehicle_23,2024-10-12 15:00:00,40.71261620422544,-74.00727208939104,34
vehicle_24,2024-10-12 15:05:00,40.71314432312424,-74.00947204227012,22
vehicle_25,2024-10-12 15:10:00,40.71494614861105,-74.00977352678194,42
vehicle_26,2024-10-12 15:15:00,40.71435458546888,-74.00671807070307,48
vehicle_27,2024-10-12 15:20:00,40.71420046023948,-74.00732423833159,53
vehicle_28,2024-10-12 15:25:00,40.71234857286958,-74.00958988157394,52
vehicle_29,2024-10-12 15:30:00,40.71434298768085,-74.00982530376797,60
vehicle_30,2024-10-12 15:35:00,40.714355806434554,-74.00505121793294,60
vehicle_31,2024-10-12 15:40:00,40.713803308086874,-74.00984989333926,42
vehicle_32,2024-10-12 15:45:00,40.714971085346,-74.00777735873476,26
vehicle_33,2024-10-12 15:50:00,40.71297576171778,-74.00747690487697,22
vehicle_34,2024-10-12 15:55:00,40.71482381734473,-74.009413599261,77
vehicle_35,2024-10-12 16:00:00,40.71474419334487,-74.00915469110781,51
vehicle_36,2024-10-12 16:05:00,40.71203444197925,-74.00824097496795,50
vehicle_37,2024-10-12 16:10:00,40.71335034957943,-74.00619162061894,37
vehicle_38,2024-10-12 16:15:00,40.71493131269916,-74.0074645878797,62
vehicle_39,2024-10-12 16:20:00,40.712309364087226,-74.00681049062723,26
vehicle_40,2024-10-12 16:25:00,40.71364335408315,-74.00507412722455,60
vehicle_41,2024-10-12 16:30:00,40.71493687252113,-74.00615997282343,20
vehicle_42,2024-10-12 16:35:00,40.713666486272324,-74.0078281925093,33
vehicle_43,2024-10-12 16:40:00,40.71256944590892,-74.00776779039101,71
vehicle_44,2024-10-12 16:45:00,40.71374654969028,-74.0069061396148,51
vehicle_45,2024-10-12 16:50:00,40.712613321721854,-74.0066731739579,25
vehicle_46,2024-10-12 16:55:00,40.71355911278869,-74.00749644537082,58
vehicle_47,2024-10-12 17:00:00,40.71222212665374,-74.00677569388593,29
vehicle_48,2024-10-12 17:05:00,40.71381644800765,-74.00988233752794,26
vehicle_49,2024-10-12 17:10:00,40.71355036981739,-74.00785188568052,45
vehicle_50,2024-10-12 17:15:00,40.714220484106285,-74.00860530961964,53
vehicle_1,2024-10-12 17:20:00,40.71389210141348,-74.00935412777379,49
vehicle_2,2024-10-12 17:25:00,40.713648818805595,-74.00950226743596,55
vehicle_3,2024-10-12 17:30:00,40.714069336547745,-74.00698403917193,40
vehicle_4,2024-10-12 17:35:00,40.71243182574072,-74.00738199726423,79
vehicle_5,2024-10-12 17:40:00,40.71378607898378,-74.00873207941503,36
vehicle_6,2024-10-12 17:45:00,40.71251633180847,-74.00764524970614,52
vehicle_7,2024-10-12 17:50:00,40.714776566623556,-74.00753883842408,29
vehicle_8,2024-10-12 17:55:00,40.71220500231454,-74.00902495509781,70
vehicle_9,2024-10-12 18:00:00,40.713291124249075,-74.0067395346906,66
vehicle_10,2024-10-12 18:05:00,40.71408739243297,-74.00609540321807,61
vehicle_11,2024-10-12 18:10:00,40.713374066635005,-74.00604268229554,70
vehicle_12,2024-10-12 18:15:00,40.7122762857597,-74.00698765084648,31
vehicle_13,2024-10-12 18:20:00,40.713660137048386,-74.0074418070874,75
vehicle_14,2024-10-12 18:25:00,40.713924895726485,-74.00969496428498,35
vehicle_15,2024-10-12 18:30:00,40.714111376932976,-74.00856084350575,60
vehicle_16,2024-10-12 18:35:00,40.71311977944339,-74.00953364276612,51
vehicle_17,2024-10-12 18:40:00,40.71369097991309,-74.00518088419561,34
vehicle_18,2024-10-12 18:45:00,40.71335205942482,-74.00932459926888,46
vehicle_19,2024-10-12 18:50:00,40.71401616811626,-74.00924112295075,47
vehicle_20,2024-10-12 18:55:00,40.71375067090198,-74.00555211690835,36
vehicle_21,2024-10-12 19:00:00,40.71357726865868,-74.00528035858261,65
vehicle_22,2024-10-12 19:05:00,40.71274857310052,-74.00617085480383,78
vehicle_23,2024-10-12 19:10:00,40.712006055553246,-74.00997297538164,69
vehicle_24,2024-10-12 19:15:00,40.71252224502594,-74.00999326864522,77
vehicle_25,2024-10-12 19:20:00,40.712351198124274,-74.00810949615106,21
vehicle_26,2024-10-12 19:25:00,40.71334725423504,-74.00928302314995,55
vehicle_27,2024-10-12 19:30:00,40.71383677445229,-74.00990806928925,69
vehicle_28,2024-10-12 19:35:00,40.712639255026055,-74.00767966655297,26
vehicle_29,2024-10-12 19:40:00,40.714817171287905,-74.00528469051297,32
vehicle_30,2024-10-12 19:45:00,40.71202004638768,-74.0083809021255,34
vehicle_31,2024-10-12 19:50:00,40.7143169030455,-74.00669429660786,44
vehicle_32,2024-10-12 19:55:00,40.71387561430859,-74.00673882323434,42
vehicle_33,2024-10-12 20:00:00,40.71312066440315,-74.00874459948167,79
vehicle_34,2024-10-12 20:05:00,40.71215146683324,-74.00674787375588,41
vehicle_35,2024-10-12 20:10:00,40.71388245971536,-74.00893833012857,45
vehicle_36,2024-10-12 20:15:00,40.7131568405386,-74.00938996293212,52
vehicle_37,2024-10-12 20:20:00,40.71480880141824,-74.0064930835722,30
vehicle_38,2024-10-12 20:25:00,40.713625970224676,-74.00943279591448,29
vehicle_39,2024-10-12 20:30:00,40.71481895453388,-74.00501545390705,44
vehicle_40,2024-10-12 20:35:00,40.71266145108042,-74.00908273799425,56
vehicle_41,2024-10-12 20:40:00,40.714177177731095,-74.00702929068622,67
vehicle_42,2024-10-12 20:45:00,40.71385174706255,-74.00794312714294,62
vehicle_43,2024-10-12 20:50:00,40.714218224689496,-74.00936806788798,72
vehicle_44,2024-10-12 20:55:00,40.71264400359192,-74.00986078046212,57
vehicle_45,2024-10-12 21:00:00,40.713994983548716,-74.00688633858853,60
vehicle_46,2024-10-12 21:05:00,40.713494121179174,-74.00596621218105,64
vehicle_47,2024-10-12 21:10:00,40.714228474924724,-74.00578992169247,43
vehicle_48,2024-10-12 21:15:00,40.71298113393246,-74.00758643263461,59
vehicle_49,2024-10-12 21:20:00,40.7146701710764,-74.00611272266408,65
vehicle_50,2024-10-12 21:25:00,40.712252903943835,-74.00663576433256,75
vehicle_1,2024-10-12 21:30:00,40.71442156795638,-74.0063787273625,52
vehicle_2,2024-10-12 21:35:00,40.71458395887745,-74.0075370049739,36
vehicle_3,2024-10-12 21:40:00,40.7144517569341,-74.00683294129878,43
vehicle_4,2024-10-12 21:45:00,40.71353817918279,-74.00597237043212,56
vehicle_5,2024-10-12 21:50:00,40.7133151549401,-74.00801057912221,76
vehicle_6,2024-10-12 21:55:00,40.71498878685958,-74.00597010549566,21
vehicle_7,2024-10-12 22:00:00,40.712687515853645,-74.00703991578605,51
vehicle_8,2024-10-12 22:05:00,40.71364062789763,-74.00917049487815,76
vehicle_9,2024-10-12 22:10:00,40.71401202657615,-74.00987657921388,79
vehicle_10,2024-10-12 22:15:00,40.71410260290759,-74.00818623199801,43
vehicle_11,2024-10-12 22:20:00,40.71261207399722,-74.00726651835852,28
vehicle_12,2024-10-12 22:25:00,40.71396198227702,-74.00580089823897,23
vehicle_13,2024-10-12 22:30:00,40.71445510869945,-74.0093625715993,36
vehicle_14,2024-10-12 22:35:00,40.71215005573047,-74.00599896826158,36
vehicle_15,2024-10-12 22:40:00,40.71473456387998,-74.00568495476966,72
vehicle_16,2024-10-12 22:45:00,40.71208851216544,-74.009246562565,69
vehicle_17,2024-10-12 22:50:00,40.71306791309747,-74.00574202840347,67
vehicle_18,2024-10-12 22:55:00,40.7120474395887,-74.00504273216079,49
vehicle_19,2024-10-12 23:00:00,40.71223143550562,-74.00636580584475,59
vehicle_20,2024-10-12 23:05:00,40.714733504855545,-74.00607615159088,77
vehicle_21,2024-10-12 23:10:00,40.713064582492244,-74.0050279236622,30
vehicle_22,2024-10-12 23:15:00,40.71327431459128,-74.00697259374736,40
vehicle_23,2024-10-12 23:20:00,40.71264603314415,-74.00846056808992,40
vehicle_24,2024-10-12 23:25:00,40.71379128731056,-74.00581234582961,37
vehicle_25,2024-10-12 23:30:00,40.713784409644035,-74.00692757111244,74
vehicle_26,2024-10-12 23:35:00,40.71311660117548,-74.00709402288139,48
vehicle_27,2024-10-12 23:40:00,40.71299910461542,-74.00873182222243,43
vehicle_28,2024-10-12 23:45:00,40.71465489292454,-74.00621832865208,29
vehicle_29,2024-10-12 23:50:00,40.71314985271893,-74.00959166362071,64
vehicle_30,2024-10-12 23:55:00,40.713480502976466,-74.00537856464602,36
vehicle_31,2024-10-13 00:00:00,40.712849914287276,-74.00837088269616,37
vehicle_32,2024-10-13 00:05:00,40.714360308510074,-74.00936112673605,61
vehicle_33,2024-10-13 00:10:00,40.7131923444707,-74.00778816733448,67
vehicle_34,2024-10-13 00:15:00,40.71354083313964,-74.00978765045372,39
vehicle_35,2024-10-13 00:20:00,40.71276007151018,-74.00657686902868,56
vehicle_36,2024-10-13 00:25:00,40.714962978777024,-74.00548647244777,64
vehicle_37,2024-10-13 00:30:00,40.71287448722278,-74.00581368496431,37
vehicle_38,2024-10-13 00:35:00,40.71431222759272,-74.00936315263276,36
vehicle_39,2024-10-13 00:40:00,40.71328248695107,-74.00936864431446,28
vehicle_40,2024-10-13 00:45:00,40.712618652215255,-74.00593282758838,33
vehicle_41,2024-10-13 00:50:00,40.7143991562919,-74.00537872862698,68
vehicle_42,2024-10-13 00:55:00,40.71300082036709,-74.00769665085083,48
vehicle_43,2024-10-13 01:00:00,40.7145955800422,-74.00750514441543,50
vehicle_44,2024-10-13 01:05:00,40.71474577155476,-74.00840868979307,23
vehicle_45,2024-10-13 01:10:00,40.71457947150618,-74.00552867440871,37
vehicle_46,2024-10-13 01:15:00,40.71210502374442,-74.00677548547354,78
vehicle_47,2024-10-13 01:20:00,40.71436212003502,-74.00855874211416,39
vehicle_48,2024-10-13 01:25:00,40.713234018399504,-74.00850608564473,75
vehicle_49,2024-10-13 01:30:00,40.71462116876055,-74.00554399963468,75
vehicle_50,2024-10-13 01:35:00,40.713913862788054,-74.00993182988047,66
vehicle_1,2024-10-13 01:40:00,40.71450092940243,-74.00838636713637,62
vehicle_2,2024-10-13 01:45:00,40.713498295309606,-74.00722821659392,63
vehicle_3,2024-10-13 01:50:00,40.7136050765138,-74.0092589126895,28
vehicle_4,2024-10-13 01:55:00,40.7124331628964,-74.009539506229,32
vehicle_5,2024-10-13 02:00:00,40.71435196207607,-74.00592361834454,34
vehicle_6,2024-10-13 02:05:00,40.713258168835004,-74.00552797805675,46
vehicle_7,2024-10-13 02:10:00,40.71350024035482,-74.005881967896,34
vehicle_8,2024-10-13 02:15:00,40.71435529314229,-74.00550606055131,47
vehicle_9,2024-10-13 02:20:00,40.71379653620024,-74.00723444014471,56
vehicle_10,2024-10-13 02:25:00,40.71260329618233,-74.00593870939504,74
vehicle_11,2024-10-13 02:30:00,40.71377069797746,-74.00807978680804,38
vehicle_12,2024-10-13 02:35:00,40.71322289857394,-74.0066686606926,45
vehicle_13,2024-10-13 02:40:00,40.713408576626136,-74.00505582234305,71
vehicle_14,2024-10-13 02:45:00,40.71208493382321,-74.00887136138081,45
vehicle_15,2024-10-13 02:50:00,40.71263008804855,-74.00805050126854,44
vehicle_16,2024-10-13 02:55:00,40.712843114244144,-74.00759976311345,45
vehicle_17,2024-10-13 03:00:00,40.71413888002358,-74.00930992256491,45
vehicle_18,2024-10-13 03:05:00,40.7120344774199,-74.00959480694767,65
vehicle_19,2024-10-13 03:10:00,40.71322633178369,-74.0058513856684,47
vehicle_20,2024-10-13 03:15:00,40.71477208061128,-74.00511602813586,68
vehicle_21,2024-10-13 03:20:00,40.71233564184965,-74.00797637468085,37
vehicle_22,2024-10-13 03:25:00,40.71354927316466,-74.00956175081903,51
vehicle_23,2024-10-13 03:30:00,40.71435956714718,-74.00967094119655,72
vehicle_24,2024-10-13 03:35:00,40.714827593922564,-74.0055434089682,22
vehicle_25,2024-10-13 03:40:00,40.7142403299186,-74.00768092875136,21
vehicle_26,2024-10-13 03:45:00,40.71416169664594,-74.0083998634172,52
vehicle_27,2024-10-13 03:50:00,40.71447946427059,-74.00761769364381,61
vehicle_28,2024-10-13 03:55:00,40.71333860366293,-74.00840847952654,38
vehicle_29,2024-10-13 04:00:00,40.71441753359786,-74.00755482112346,36
vehicle_30,2024-10-13 04:05:00,40.71202389321424,-74.0057022180154,63
vehicle_31,2024-10-13 04:10:00,40.714773683166136,-74.00703849314469,52
vehicle_32,2024-10-13 04:15:00,40.713329919528555,-74.00652673113595,31
vehicle_33,2024-10-13 04:20:00,40.7136601405636,-74.00817664661884,68
vehicle_34,2024-10-13 04:25:00,40.71276464674675,-74.00630747060744,75
vehicle_35,2024-10-13 04:30:00,40.714227592498524,-74.0066669145756,22
vehicle_36,2024-10-13 04:35:00,40.71222990741943,-74.00940219001124,62
vehicle_37,2024-10-13 04:40:00,40.71461790740764,-74.00713678573442,68
vehicle_38,2024-10-13 04:45:00,40.71448435048702,-74.00871628251845,74
vehicle_39,2024-10-13 04:50:00,40.71264818034874,-74.00597952165182,45
vehicle_40,2024-10-13 04:55:00,40.71442797319486,-74.00787031145767,54
vehicle_41,2024-10-13 05:00:00,40.71435907319919,-74.00502657917401,27
vehicle_42,2024-10-13 05:05:00,40.71389664979326,-74.00953749781031,71
vehicle_43,2024-10-13 05:10:00,40.713120560530704,-74.0060982606863,55
vehicle_44,2024-10-13 05:15:00,40.712814496262546,-74.00663149133229,72
vehicle_45,2024-10-13 05:20:00,40.71269535077087,-74.00616250584704,73
vehicle_46,2024-10-13 05:25:00,40.7129558268883,-74.00846235102254,26
vehicle_47,2024-10-13 05:30:00,40.7147106753303,-74.0075397275531,65
vehicle_48,2024-10-13 05:35:00,40.71223292232797,-74.00601745740138,65
vehicle_49,2024-10-13 05:40:00,40.71448661382876,-74.0088372933419,55
vehicle_50,2024-10-13 05:45:00,40.713046670225125,-74.00886983401605,35
vehicle_1,2024-10-13 05:50:00,40.71356479818804,-74.00724474523352,43
vehicle_2,2024-10-13 05:55:00,40.71438345690095,-74.00738218210235,73
vehicle_3,2024-10-13 06:00:00,40.71465312964107,-74.00858868764794,20
vehicle_4,2024-10-13 06:05:00,40.71303434426022,-74.00850962174738,68
vehicle_5,2024-10-13 06:10:00,40.71338553044383,-74.00861077418396,44
vehicle_6,2024-10-13 06:15:00,40.713243548194455,-74.00614243969001,29
vehicle_7,2024-10-13 06:20:00,40.71203975310051,-74.00674049567219,73
vehicle_8,2024-10-13 06:25:00,40.71288782866658,-74.00583791408295,35
vehicle_9,2024-10-13 06:30:00,40.7133775677012,-74.00512263485842,35
vehicle_10,2024-10-13 06:35:00,40.71323328082664,-74.00762917851864,77
vehicle_11,2024-10-13 06:40:00,40.71416578768255,-74.00966653059298,27
vehicle_12,2024-10-13 06:45:00,40.713154410851665,-74.00975953844794,48
vehicle_13,2024-10-13 06:50:00,40.713468129346914,-74.00852167480365,58
vehicle_14,2024-10-13 06:55:00,40.7132888257764,-74.00533727705323,47
vehicle_15,2024-10-13 07:00:00,40.714221878446686,-74.00738393472514,25
vehicle_16,2024-10-13 07:05:00,40.71458891719696,-74.0086410674196,35
vehicle_17,2024-10-13 07:10:00,40.71359566723702,-74.00800416602745,39
vehicle_18,2024-10-13 07:15:00,40.71436829658259,-74.00700702446298,35
vehicle_19,2024-10-13 07:20:00,40.71289036004606,-74.00673525170932,26
vehicle_20,2024-10-13 07:25:00,40.71362410883047,-74.0092304024511,60
vehicle_21,2024-10-13 07:30:00,40.713035689861016,-74.00511484161727,33
vehicle_22,2024-10-13 07:35:00,40.71324260277672,-74.00727613886508,62
vehicle_23,2024-10-13 07:40:00,40.71419724159444,-74.00932155841105,45
vehicle_24,2024-10-13 07:45:00,40.714644987447,-74.00553182373326,45
vehicle_25,2024-10-13 07:50:00,40.712364486173264,-74.00962680784461,33
vehicle_26,2024-10-13 07:55:00,40.713903917769464,-74.00546132283411,26
vehicle_27,2024-10-13 08:00:00,40.713746431422734,-74.00501717171855,52
vehicle_28,2024-10-13 08:05:00,40.71235524511753,-74.00649784100422,45
vehicle_29,2024-10-13 08:10:00,40.712635682991326,-74.00614776389463,76
vehicle_30,2024-10-13 08:15:00,40.7129330074842,-74.00831348581767,64
vehicle_31,2024-10-13 08:20:00,40.712500793212456,-74.00529211573632,39
vehicle_32,2024-10-13 08:25:00,40.71273118844758,-74.00735143016946,22
vehicle_33,2024-10-13 08:30:00,40.71280280239659,-74.00633805776701,71
vehicle_34,2024-10-13 08:35:00,40.71300702149912,-74.00537946142045,23
vehicle_35,2024-10-13 08:40:00,40.714248171358406,-74.00512410012011,45
vehicle_36,2024-10-13 08:45:00,40.713715736611555,-74.00583397821701,30
vehicle_37,2024-10-13 08:50:00,40.71495874001586,-74.0084849124651,21
vehicle_38,2024-10-13 08:55:00,40.713244207480905,-74.00516726241723,33
vehicle_39,2024-10-13 09:00:00,40.714261595221515,-74.00685940234378,63
vehicle_40,2024-10-13 09:05:00,40.714614405264136,-74.00534678761824,49
vehicle_41,2024-10-13 09:10:00,40.714036935479115,-74.00661947487093,68
vehicle_42,2024-10-13 09:15:00,40.71323559422125,-74.00846380519076,31
vehicle_43,2024-10-13 09:20:00,40.71426078389224,-74.00814987737928,45
vehicle_44,2024-10-13 09:25:00,40.71261100141332,-74.00724764111449,63
vehicle_45,2024-10-13 09:30:00,40.71298265649554,-74.0060499257922,52
vehicle_46,2024-10-13 09:35:00,40.7136400557653,-74.0084100872433,32
vehicle_47,2024-10-13 09:40:00,40.71372622816186,-74.00710134416933,33
vehicle_48,2024-10-13 09:45:00,40.71206642442642,-74.00827187503212,43
vehicle_49,2024-10-13 09:50:00,40.714835342566275,-74.00592115297682,53
vehicle_50,2024-10-13 09:55:00,40.714089881813656,-74.00766635953116,63
vehicle_1,2024-10-13 10:00:00,40.7134871112507,-74.00961638586574,45
vehicle_2,2024-10-13 10:05:00,40.71479938170323,-74.0091697373926,40
vehicle_3,2024-10-13 10:10:00,40.713317286695755,-74.0096944766619,47
vehicle_4,2024-10-13 10:15:00,40.71494130671081,-74.00750348526992,67
vehicle_5,2024-10-13 10:20:00,40.71353685427174,-74.00946831351327,55
vehicle_6,2024-10-13 10:25:00,40.71234285731,-74.00942930015346,59
vehicle_7,2024-10-13 10:30:00,40.71429440291738,-74.0052947586998,21
vehicle_8,2024-10-13 10:35:00,40.71403669317524,-74.00563672463912,61
vehicle_9,2024-10-13 10:40:00,40.71431896016392,-74.00773956701595,28
vehicle_10,2024-10-13 10:45:00,40.71485432608618,-74.00507097339575,42
vehicle_11,2024-10-13 10:50:00,40.71432946790796,-74.00999906735915,34
vehicle_12,2024-10-13 10:55:00,40.713834009806654,-74.00693010271863,32
vehicle_13,2024-10-13 11:00:00,40.71457192670709,-74.00691785911314,42
vehicle_14,2024-10-13 11:05:00,40.71401973931807,-74.00771278472065,36
vehicle_15,2024-10-13 11:10:00,40.71322435717048,-74.00801526013532,67
vehicle_16,2024-10-13 11:15:00,40.71465685929273,-74.00772308432259,79
vehicle_17,2024-10-13 11:20:00,40.712665701382356,-74.0079251978196,21
vehicle_18,2024-10-13 11:25:00,40.71414392382473,-74.00634753761258,39
vehicle_19,2024-10-13 11:30:00,40.71464469036483,-74.00932322282513,39
vehicle_20,2024-10-13 11:35:00,40.71419394955911,-74.00901180389705,78
vehicle_21,2024-10-13 11:40:00,40.71409182625717,-74.00909740885804,65
vehicle_22,2024-10-13 11:45:00,40.71425791488222,-74.0086876470744,22
vehicle_23,2024-10-13 11:50:00,40.713395165744906,-74.0073737079061,74
vehicle_24,2024-10-13 11:55:00,40.714622512046475,-74.00944395626331,31
vehicle_25,2024-10-13 12:00:00,40.712610309425415,-74.00565915352337,59
vehicle_26,2024-10-13 12:05:00,40.712382159248,-74.00851319234346,21
vehicle_27,2024-10-13 12:10:00,40.71285652634036,-74.00918731006266,55
vehicle_28,2024-10-13 12:15:00,40.71359473219033,-74.006621893452,33
vehicle_29,2024-10-13 12:20:00,40.71353168538623,-74.009809568497,35
vehicle_30,2024-10-13 12:25:00,40.714461796273035,-74.00690015717562,38
vehicle_31,2024-10-13 12:30:00,40.71321370596922,-74.00650900784662,53
vehicle_32,2024-10-13 12:35:00,40.71345303327888,-74.00892541734306,63
vehicle_33,2024-10-13 12:40:00,40.71204010304978,-74.00979017963279,65
vehicle_34,2024-10-13 12:45:00,40.71322921770933,-74.00818177320541,25
vehicle_35,2024-10-13 12:50:00,40.71394332269885,-74.00950702884879,32
vehicle_36,2024-10-13 12:55:00,40.712046524991884,-74.00941761075164,55
vehicle_37,2024-10-13 13:00:00,40.71284264589556,-74.00872869384278,41
vehicle_38,2024-10-13 13:05:00,40.71262386907787,-74.00852266037687,37
vehicle_39,2024-10-13 13:10:00,40.712125956286734,-74.00735014829489,31
vehicle_40,2024-10-13 13:15:00,40.71343778026975,-74.00660804057249,71
vehicle_41,2024-10-13 13:20:00,40.71254516987969,-74.00703614529564,78
vehicle_42,2024-10-13 13:25:00,40.7142292446189,-74.00925819831356,73
vehicle_43,2024-10-13 13:30:00,40.714543783651294,-74.00913956983774,49
vehicle_44,2024-10-13 13:35:00,40.71363675554801,-74.00560615375103,72
vehicle_45,2024-10-13 13:40:00,40.714945122027565,-74.00720823842468,70
vehicle_46,2024-10-13 13:45:00,40.713351435714415,-74.0056503108355,59
vehicle_47,2024-10-13 13:50:00,40.71354010463068,-74.0081422674434,26
vehicle_48,2024-10-13 13:55:00,40.71496765326188,-74.00692799996284,51
vehicle_49,2024-10-13 14:00:00,40.7126946453079,-74.00738168291973,67
vehicle_50,2024-10-13 14:05:00,40.714827637819035,-74.00840438255089,38
vehicle_1,2024-10-13 14:10:00,40.71212851266536,-74.00765042313984,25
vehicle_2,2024-10-13 14:15:00,40.71333916067079,-74.00748754561586,39
vehicle_3,2024-10-13 14:20:00,40.7122100105364,-74.00899614512622,46
vehicle_4,2024-10-13 14:25:00,40.71418770422874,-74.00842494813811,72
vehicle_5,2024-10-13 14:30:00,40.71382522680764,-74.00604295124747,62
vehicle_6,2024-10-13 14:35:00,40.71411990279041,-74.00542105880272,56
vehicle_7,2024-10-13 14:40:00,40.713123441199905,-74.00820102953227,67
vehicle_8,2024-10-13 14:45:00,40.7131084458021,-74.00846513858896,26
vehicle_9,2024-10-13 14:50:00,40.712135957836885,-74.00902401417714,78
vehicle_10,2024-10-13 14:55:00,40.71304983481859,-74.00660754415675,24
vehicle_11,2024-10-13 15:00:00,40.71478786520679,-74.00838450149168,30
vehicle_12,2024-10-13 15:05:00,40.71313767961154,-74.0050612523045,34
vehicle_13,2024-10-13 15:10:00,40.71449410311867,-74.00837157598968,22
vehicle_14,2024-10-13 15:15:00,40.71452697651425,-74.0080293197661,77
vehicle_15,2024-10-13 15:20:00,40.71311972346914,-74.00698332901894,24
vehicle_16,2024-10-13 15:25:00,40.71389596604119,-74.00599157853404,42
vehicle_17,2024-10-13 15:30:00,40.71228611480682,-74.00765240667327,72
vehicle_18,2024-10-13 15:35:00,40.712311035742204,-74.00788671983106,56
vehicle_19,2024-10-13 15:40:00,40.71214597299099,-74.00502181083202,28
vehicle_20,2024-10-13 15:45:00,40.713743045280125,-74.00994753179431,34
vehicle_21,2024-10-13 15:50:00,40.713278212932885,-74.00552467355574,22
vehicle_22,2024-10-13 15:55:00,40.713644097069995,-74.0092542958703,48
vehicle_23,2024-10-13 16:00:00,40.713563219571526,-74.00607037361895,25
vehicle_24,2024-10-13 16:05:00,40.713050608973276,-74.00691034220077,36
vehicle_25,2024-10-13 16:10:00,40.71403242024447,-74.00829076357252,45
vehicle_26,2024-10-13 16:15:00,40.71427550564275,-74.0056306252224,40
vehicle_27,2024-10-13 16:20:00,40.712043884776634,-74.0099354638601,27
vehicle_28,2024-10-13 16:25:00,40.71262172689931,-74.00886654673963,40
vehicle_29,2024-10-13 16:30:00,40.714139707604254,-74.00716553601875,76
vehicle_30,2024-10-13 16:35:00,40.713159860517905,-74.00824228869975,30
vehicle_31,2024-10-13 16:40:00,40.71398745184083,-74.0069481125234,57
vehicle_32,2024-10-13 16:45:00,40.713040887979204,-74.00987944903297,27
vehicle_33,2024-10-13 16:50:00,40.71317226545699,-74.0094177053476,61
vehicle_34,2024-10-13 16:55:00,40.71247603662107,-74.00936451879892,43
vehicle_35,2024-10-13 17:00:00,40.712774693059,-74.00905358177042,54
vehicle_36,2024-10-13 17:05:00,40.713816235272525,-74.00770334279599,74
vehicle_37,2024-10-13 17:10:00,40.71329948933395,-74.00623935650228,33
vehicle_38,2024-10-13 17:15:00,40.714322908048835,-74.00547230581036,74
vehicle_39,2024-10-13 17:20:00,40.71455775486482,-74.00582313734857,33
vehicle_40,2024-10-13 17:25:00,40.71362493925465,-74.00901556064113,29
vehicle_41,2024-10-13 17:30:00,40.71427480187617,-74.00779424723885,31
vehicle_42,2024-10-13 17:35:00,40.71292071353959,-74.00900294201121,57
vehicle_43,2024-10-13 17:40:00,40.71324491364621,-74.00867764091667,63
vehicle_44,2024-10-13 17:45:00,40.71413833302866,-74.00748226509243,74
vehicle_45,2024-10-13 17:50:00,40.71315863597845,-74.00965945487638,65
vehicle_46,2024-10-13 17:55:00,40.71376551480548,-74.00890912835203,53
vehicle_47,2024-10-13 18:00:00,40.712556118337254,-74.00532310919345,60
vehicle_48,2024-10-13 18:05:00,40.71379931394492,-74.00766941853671,29
vehicle_49,2024-10-13 18:10:00,40.71458454112168,-74.00777306737011,77
vehicle_50,2024-10-13 18:15:00,40.714605918919474,-74.00992716422626,36
vehicle_1,2024-10-13 18:20:00,40.71417303321899,-74.00876300126471,36
vehicle_2,2024-10-13 18:25:00,40.71423726013723,-74.00566853782009,22
vehicle_3,2024-10-13 18:30:00,40.713673782335455,-74.0091768578587,50
vehicle_4,2024-10-13 18:35:00,40.7137540042705,-74.00792437530232,70
vehicle_5,2024-10-13 18:40:00,40.712400951744236,-74.00992834547067,20
vehicle_6,2024-10-13 18:45:00,40.71333157756527,-74.00760832259165,31
vehicle_7,2024-10-13 18:50:00,40.71335232885166,-74.00989489446637,58
vehicle_8,2024-10-13 18:55:00,40.71487549350701,-74.00590195223467,23
vehicle_9,2024-10-13 19:00:00,40.713293260587875,-74.00587573116256,61
vehicle_10,2024-10-13 19:05:00,40.71364802793471,-74.00606128905848,32
vehicle_11,2024-10-13 19:10:00,40.713599754197844,-74.00858317965555,53
vehicle_12,2024-10-13 19:15:00,40.71391028515114,-74.00581381390889,61
vehicle_13,2024-10-13 19:20:00,40.714244698494,-74.00728500933697,40
vehicle_14,2024-10-13 19:25:00,40.712675125628515,-74.00813095945567,41
vehicle_15,2024-10-13 19:30:00,40.7135861732573,-74.00687335020147,76
vehicle_16,2024-10-13 19:35:00,40.714477753121955,-74.0099382947697,23
vehicle_17,2024-10-13 19:40:00,40.71338934414152,-74.009285195612,37
vehicle_18,2024-10-13 19:45:00,40.71283537263913,-74.00628853230914,24
vehicle_19,2024-10-13 19:50:00,40.71396412722607,-74.00877919195642,38
vehicle_20,2024-10-13 19:55:00,40.7144713021874,-74.00700995441336,21
vehicle_21,2024-10-13 20:00:00,40.71218942087879,-74.00807448698589,31
vehicle_22,2024-10-13 20:05:00,40.714330371450224,-74.005725971106,36
vehicle_23,2024-10-13 20:10:00,40.71446494379889,-74.00523792347002,29
vehicle_24,2024-10-13 20:15:00,40.71338456878277,-74.00558217635815,53
vehicle_25,2024-10-13 20:20:00,40.71494991697046,-74.00864690002653,25
vehicle_26,2024-10-13 20:25:00,40.714360125022125,-74.00902918565477,27
vehicle_27,2024-10-13 20:30:00,40.71432098769469,-74.0076278255319,70
vehicle_28,2024-10-13 20:35:00,40.71424351572324,-74.00996332924582,30
vehicle_29,2024-10-13 20:40:00,40.71245182430966,-74.00987095303569,76
vehicle_30,2024-10-13 20:45:00,40.712651692659364,-74.00723354680188,31
vehicle_31,2024-10-13 20:50:00,40.7133919703944,-74.00739775297917,28
vehicle_32,2024-10-13 20:55:00,40.712792013049885,-74.00502709005482,21
vehicle_33,2024-10-13 21:00:00,40.71324572291701,-74.00899079082319,27
vehicle_34,2024-10-13 21:05:00,40.71466539232977,-74.0087094803542,77
vehicle_35,2024-10-13 21:10:00,40.714472980675644,-74.00943229678838,30
vehicle_36,2024-10-13 21:15:00,40.713890119635444,-74.00541228495173,79
vehicle_37,2024-10-13 21:20:00,40.714574361182756,-74.0061109437777,72
vehicle_38,2024-10-13 21:25:00,40.71435131716706,-74.0058883044427,55
vehicle_39,2024-10-13 21:30:00,40.71328695479553,-74.00548618106018,29
vehicle_40,2024-10-13 21:35:00,40.712603195456154,-74.00737550006637,40
vehicle_41,2024-10-13 21:40:00,40.71354260312003,-74.00774403404274,39
vehicle_42,2024-10-13 21:45:00,40.71420868664759,-74.00834804263167,67
vehicle_43,2024-10-13 21:50:00,40.713309258796194,-74.00705392692826,27
vehicle_44,2024-10-13 21:55:00,40.71400031572936,-74.00772860801605,55
vehicle_45,2024-10-13 22:00:00,40.71228298227888,-74.00774217206697,48
vehicle_46,2024-10-13 22:05:00,40.714244014209115,-74.00531536068134,61
vehicle_47,2024-10-13 22:10:00,40.714438140859684,-74.0050798424286,31
vehicle_48,2024-10-13 22:15:00,40.714120513567345,-74.00601757805335,33
vehicle_49,2024-10-13 22:20:00,40.71490179076258,-74.00621620954877,67
vehicle_50,2024-10-13 22:25:00,40.71447995617238,-74.0065972091911,73
vehicle_1,2024-10-13 22:30:00,40.71470928118363,-74.00916962573834,69
vehicle_2,2024-10-13 22:35:00,40.714800713250376,-74.00970447089563,40
vehicle_3,2024-10-13 22:40:00,40.71440404397563,-74.00654636842444,41
vehicle_4,2024-10-13 22:45:00,40.71402277652602,-74.00635606888872,40
vehicle_5,2024-10-13 22:50:00,40.712017155744086,-74.00976513504452,63
vehicle_6,2024-10-13 22:55:00,40.713397477259676,-74.00535974124885,69
vehicle_7,2024-10-13 23:00:00,40.71371348689587,-74.00954429680279,49
vehicle_8,2024-10-13 23:05:00,40.71291209081735,-74.00857049733115,58
vehicle_9,2024-10-13 23:10:00,40.71295431334072,-74.006638050936,39
vehicle_10,2024-10-13 23:15:00,40.71488347824713,-74.00915063702799,43
vehicle_11,2024-10-13 23:20:00,40.71467513259561,-74.00972292055779,42
vehicle_12,2024-10-13 23:25:00,40.71454753701651,-74.00834426755418,26
vehicle_13,2024-10-13 23:30:00,40.71321803540512,-74.00617014212573,28
vehicle_14,2024-10-13 23:35:00,40.71204109565123,-74.00793160660507,20
vehicle_15,2024-10-13 23:40:00,40.71224066673937,-74.00673513539046,45
vehicle_16,2024-10-13 23:45:00,40.71293658910466,-74.00710190451386,57
vehicle_17,2024-10-13 23:50:00,40.71204722873899,-74.00988890758988,57
vehicle_18,2024-10-13 23:55:00,40.71205144934575,-74.00505730006476,73
vehicle_19,2024-10-14 00:00:00,40.71474980990493,-74.0097928595559,63
vehicle_20,2024-10-14 00:05:00,40.71411847550636,-74.00516098631175,41
vehicle_21,2024-10-14 00:10:00,40.71292686797021,-74.00725067910818,63
vehicle_22,2024-10-14 00:15:00,40.71239793373281,-74.00518420486468,29
vehicle_23,2024-10-14 00:20:00,40.71353490715369,-74.00942623200294,74
vehicle_24,2024-10-14 00:25:00,40.71201603848257,-74.00754795740407,77
vehicle_25,2024-10-14 00:30:00,40.71481524123158,-74.00915247954067,25
vehicle_26,2024-10-14 00:35:00,40.71324444535817,-74.0097451256149,36
vehicle_27,2024-10-14 00:40:00,40.713207004865716,-74.00691235442468,70
vehicle_28,2024-10-14 00:45:00,40.71317178082275,-74.0089610828952,69
vehicle_29,2024-10-14 00:50:00,40.71220798499117,-74.00706151490856,57
vehicle_30,2024-10-14 00:55:00,40.71391496671938,-74.00943817759025,43
vehicle_31,2024-10-14 01:00:00,40.71419901085889,-74.00834006764283,70
vehicle_32,2024-10-14 01:05:00,40.714028376192765,-74.00609183720974,29
vehicle_33,2024-10-14 01:10:00,40.71241530647999,-74.00781474239079,75
vehicle_34,2024-10-14 01:15:00,40.71373652050411,-74.00686127292552,27
vehicle_35,2024-10-14 01:20:00,40.71370845345252,-74.00676271029627,40
vehicle_36,2024-10-14 01:25:00,40.71460523236383,-74.00578122478007,75
vehicle_37,2024-10-14 01:30:00,40.71313738297513,-74.00837538602796,25
vehicle_38,2024-10-14 01:35:00,40.71311445783098,-74.00656352218708,40
vehicle_39,2024-10-14 01:40:00,40.713855581176155,-74.00519192096476,76
vehicle_40,2024-10-14 01:45:00,40.7138992179605,-74.0063487833282,58
vehicle_41,2024-10-14 01:50:00,40.71340785568198,-74.00755064761641,43
vehicle_42,2024-10-14 01:55:00,40.713329178086994,-74.00684641277753,52
vehicle_43,2024-10-14 02:00:00,40.71348244301192,-74.00630158551118,78
vehicle_44,2024-10-14 02:05:00,40.714583135898515,-74.00693862117153,37
vehicle_45,2024-10-14 02:10:00,40.71338350070376,-74.00991662093256,75
vehicle_46,2024-10-14 02:15:00,40.71481979537591,-74.00902613251156,47
vehicle_47,2024-10-14 02:20:00,40.713512011290796,-74.00594765891393,76
vehicle_48,2024-10-14 02:25:00,40.714847602079544,-74.00863674676344,71
vehicle_49,2024-10-14 02:30:00,40.71449849570561,-74.00634218940219,51
vehicle_50,2024-10-14 02:35:00,40.71308729396785,-74.00813939892379,31
vehicle_1,2024-10-14 02:40:00,40.714590924263895,-74.0073905783592,67
vehicle_2,2024-10-14 02:45:00,40.71233018985261,-74.0096601335009,61
vehicle_3,2024-10-14 02:50:00,40.71477514152603,-74.00909387219475,46
vehicle_4,2024-10-14 02:55:00,40.71389493054525,-74.0052140151824,29
vehicle_5,2024-10-14 03:00:00,40.71216317224557,-74.00554930973276,65
vehicle_6,2024-10-14 03:05:00,40.713932770170956,-74.0067386244455,76
vehicle_7,2024-10-14 03:10:00,40.714922742962436,-74.00770177701307,71
vehicle_8,2024-10-14 03:15:00,40.71220940196385,-74.00662119353552,61
vehicle_9,2024-10-14 03:20:00,40.71366406312934,-74.00690694855453,51
vehicle_10,2024-10-14 03:25:00,40.71424338304928,-74.00715723872197,61
vehicle_11,2024-10-14 03:30:00,40.7144307757601,-74.00970411464068,45
vehicle_12,2024-10-14 03:35:00,40.713241482395965,-74.0068359869467,44
vehicle_13,2024-10-14 03:40:00,40.712612499677505,-74.00615539977714,30
vehicle_14,2024-10-14 03:45:00,40.71212702683632,-74.00502959172677,42
vehicle_15,2024-10-14 03:50:00,40.71373917847129,-74.00994460723703,53
vehicle_16,2024-10-14 03:55:00,40.713358733210804,-74.00634913273345,76
vehicle_17,2024-10-14 04:00:00,40.714846233185455,-74.00714105342033,71
vehicle_18,2024-10-14 04:05:00,40.712181814723145,-74.0078297391196,59
vehicle_19,2024-10-14 04:10:00,40.71405618603034,-74.00936214912714,42
vehicle_20,2024-10-14 04:15:00,40.712074898666366,-74.00795457425683,48
vehicle_21,2024-10-14 04:20:00,40.71251430253014,-74.00822811408507,50
vehicle_22,2024-10-14 04:25:00,40.713360736999775,-74.0084858505551,26
vehicle_23,2024-10-14 04:30:00,40.71336461732841,-74.00634560188338,59
vehicle_24,2024-10-14 04:35:00,40.7140571016288,-74.00649637239357,52
vehicle_25,2024-10-14 04:40:00,40.71473063910461,-74.0070548995451,40
vehicle_26,2024-10-14 04:45:00,40.71391709647675,-74.00530667593353,21
vehicle_27,2024-10-14 04:50:00,40.71486060529356,-74.00825072807909,37
vehicle_28,2024-10-14 04:55:00,40.71464484691964,-74.00878099031145,66
vehicle_29,2024-10-14 05:00:00,40.7137534993866,-74.0067204834345,52
vehicle_30,2024-10-14 05:05:00,40.71450137585276,-74.00900592969532,56
vehicle_31,2024-10-14 05:10:00,40.713927732830975,-74.00842494746408,53
vehicle_32,2024-10-14 05:15:00,40.71223567349278,-74.00887698779962,39
vehicle_33,2024-10-14 05:20:00,40.71422169416978,-74.00965423216141,54
vehicle_34,2024-10-14 05:25:00,40.712284725323805,-74.00586250629182,70
vehicle_35,2024-10-14 05:30:00,40.713782248341715,-74.00872729728539,69
vehicle_36,2024-10-14 05:35:00,40.71410792061758,-74.00763486248329,73
vehicle_37,2024-10-14 05:40:00,40.71219958282464,-74.00978342363373,37
vehicle_38,2024-10-14 05:45:00,40.71269238396178,-74.00650330266873,65
vehicle_39,2024-10-14 05:50:00,40.71474701669679,-74.00834719498847,43
vehicle_40,2024-10-14 05:55:00,40.713848943476705,-74.00627631636085,27
vehicle_41,2024-10-14 06:00:00,40.71273885805643,-74.00793798469766,49
vehicle_42,2024-10-14 06:05:00,40.71407203931345,-74.00902122196797,63
vehicle_43,2024-10-14 06:10:00,40.713790329259886,-74.00743412458858,72
vehicle_44,2024-10-14 06:15:00,40.71350472709976,-74.00934747720181,29
vehicle_45,2024-10-14 06:20:00,40.71492856092497,-74.00779730420064,42
vehicle_46,2024-10-14 06:25:00,40.71405036133223,-74.0084134726129,71
vehicle_47,2024-10-14 06:30:00,40.71312632332901,-74.005440202079,68
vehicle_48,2024-10-14 06:35:00,40.714400220296234,-74.0096953563914,30
vehicle_49,2024-10-14 06:40:00,40.714653749878764,-74.00652991292947,21
vehicle_50,2024-10-14 06:45:00,40.71237566167856,-74.00908624417006,77
vehicle_1,2024-10-14 06:50:00,40.712601658933536,-74.00840477462835,45
vehicle_2,2024-10-14 06:55:00,40.71264868102739,-74.0079224296847,55
vehicle_3,2024-10-14 07:00:00,40.714073635428164,-74.00545992455312,52
vehicle_4,2024-10-14 07:05:00,40.71380911866516,-74.00878710866964,66
vehicle_5,2024-10-14 07:10:00,40.713856974694096,-74.00954345598728,32
vehicle_6,2024-10-14 07:15:00,40.71482231989907,-74.00840655198004,59
vehicle_7,2024-10-14 07:20:00,40.71432773459843,-74.00947662014732,44
vehicle_8,2024-10-14 07:25:00,40.71238381077354,-74.0093570175702,23
vehicle_9,2024-10-14 07:30:00,40.71304252124728,-74.00713074701012,61
vehicle_10,2024-10-14 07:35:00,40.71330618093853,-74.00969549033451,38
vehicle_11,2024-10-14 07:40:00,40.71318788476625,-74.00984534559304,37
vehicle_12,2024-10-14 07:45:00,40.71400792582749,-74.00642792949265,56
vehicle_13,2024-10-14 07:50:00,40.71467567930977,-74.00819176452579,49
vehicle_14,2024-10-14 07:55:00,40.71291815439057,-74.00937312325384,38
vehicle_15,2024-10-14 08:00:00,40.71365563140927,-74.00873193614571,77
vehicle_16,2024-10-14 08:05:00,40.71436822826574,-74.00678956746324,42
vehicle_17,2024-10-14 08:10:00,40.71324865417654,-74.0086223171643,78
vehicle_18,2024-10-14 08:15:00,40.7125043543852,-74.00752739437439,73
vehicle_19,2024-10-14 08:20:00,40.71342485289579,-74.00939152346638,35
vehicle_20,2024-10-14 08:25:00,40.71216566756223,-74.00705953181198,20
vehicle_21,2024-10-14 08:30:00,40.71482715036201,-74.00841961158079,31
vehicle_22,2024-10-14 08:35:00,40.71222446361559,-74.00686515782735,43
vehicle_23,2024-10-14 08:40:00,40.71331537014576,-74.00595802558848,53
vehicle_24,2024-10-14 08:45:00,40.713589643783266,-74.00694176790304,72
vehicle_25,2024-10-14 08:50:00,40.714955911496865,-74.00852126218703,76
vehicle_26,2024-10-14 08:55:00,40.71249806547093,-74.00872128149226,27
vehicle_27,2024-10-14 09:00:00,40.71234329455584,-74.00836289520633,37
vehicle_28,2024-10-14 09:05:00,40.712026118441194,-74.00917689743382,76
vehicle_29,2024-10-14 09:10:00,40.71246671431061,-74.00909414074576,67
vehicle_30,2024-10-14 09:15:00,40.71262181893721,-74.0060465444905,24
vehicle_31,2024-10-14 09:20:00,40.71389174282475,-74.00807633711746,45
vehicle_32,2024-10-14 09:25:00,40.71265912037118,-74.00782002409714,49
vehicle_33,2024-10-14 09:30:00,40.71206156244419,-74.00702975267217,73
vehicle_34,2024-10-14 09:35:00,40.71447985503651,-74.00705173252425,32
vehicle_35,2024-10-14 09:40:00,40.71309678710301,-74.0096631156424,38
vehicle_36,2024-10-14 09:45:00,40.713061090059746,-74.00584229606831,48
vehicle_37,2024-10-14 09:50:00,40.71290743708751,-74.00911336723388,22
vehicle_38,2024-10-14 09:55:00,40.71492611983144,-74.00638464181975,45
vehicle_39,2024-10-14 10:00:00,40.71251034625193,-74.00613664505936,59
vehicle_40,2024-10-14 10:05:00,40.714694714191864,-74.00642550232953,78
vehicle_41,2024-10-14 10:10:00,40.71433040999642,-74.00710511176723,77
vehicle_42,2024-10-14 10:15:00,40.712229439866505,-74.00992695501446,77
vehicle_43,2024-10-14 10:20:00,40.714960187304506,-74.00819812253819,31
vehicle_44,2024-10-14 10:25:00,40.71281409789062,-74.00697580285319,21
vehicle_45,2024-10-14 10:30:00,40.712295748781074,-74.00806274352038,30
vehicle_46,2024-10-14 10:35:00,40.714487942702384,-74.00568260052543,63
vehicle_47,2024-10-14 10:40:00,40.71412002660104,-74.00845598862325,47
vehicle_48,2024-10-14 10:45:00,40.71385165641764,-74.00853232603771,37
vehicle_49,2024-10-14 10:50:00,40.7124679425911,-74.00867001153453,32
vehicle_50,2024-10-14 10:55:00,40.71343548834877,-74.0083360956552,56
vehicle_1,2024-10-14 11:00:00,40.714341668080664,-74.00721297517843,41
vehicle_2,2024-10-14 11:05:00,40.71291087181444,-74.00646492352864,31
vehicle_3,2024-10-14 11:10:00,40.712935069485546,-74.0066871604113,21
vehicle_4,2024-10-14 11:15:00,40.71200942271815,-74.00596141090008,56
vehicle_5,2024-10-14 11:20:00,40.71252273020494,-74.00557043002252,26
vehicle_6,2024-10-14 11:25:00,40.71462621687537,-74.00591960478828,45
vehicle_7,2024-10-14 11:30:00,40.71332523947492,-74.00990527298313,45
vehicle_8,2024-10-14 11:35:00,40.71495270349771,-74.00632041023223,43
vehicle_9,2024-10-14 11:40:00,40.71318712389073,-74.0089580021319,31
vehicle_10,2024-10-14 11:45:00,40.71414555936435,-74.00933535978646,35
vehicle_11,2024-10-14 11:50:00,40.71284575712872,-74.006807556076,42
vehicle_12,2024-10-14 11:55:00,40.71309142892343,-74.00840128402297,59
vehicle_13,2024-10-14 12:00:00,40.71257217796278,-74.00971441418315,79
vehicle_14,2024-10-14 12:05:00,40.7130411871055,-74.00931185132801,28
vehicle_15,2024-10-14 12:10:00,40.71364171256126,-74.00999535291565,51
vehicle_16,2024-10-14 12:15:00,40.71497531864294,-74.00548388186327,34
vehicle_17,2024-10-14 12:20:00,40.71399260513922,-74.0098769100808,56
vehicle_18,2024-10-14 12:25:00,40.71259773786323,-74.00895272115245,32
vehicle_19,2024-10-14 12:30:00,40.712134884324776,-74.00791868609656,24
vehicle_20,2024-10-14 12:35:00,40.71237906944395,-74.00821714337025,30
vehicle_21,2024-10-14 12:40:00,40.71368766560382,-74.00544137061543,29
vehicle_22,2024-10-14 12:45:00,40.71429548098645,-74.00979855527133,71
vehicle_23,2024-10-14 12:50:00,40.71482125762191,-74.00743892646162,32
vehicle_24,2024-10-14 12:55:00,40.712047469515994,-74.00659760268738,60
vehicle_25,2024-10-14 13:00:00,40.71356828042469,-74.00534151013159,72
vehicle_26,2024-10-14 13:05:00,40.71341260206867,-74.00689814373938,65
vehicle_27,2024-10-14 13:10:00,40.71396816506593,-74.00598122381994,69
vehicle_28,2024-10-14 13:15:00,40.7136787365634,-74.00958137531077,34
vehicle_29,2024-10-14 13:20:00,40.71406111745175,-74.00807030244532,61
vehicle_30,2024-10-14 13:25:00,40.71397424775425,-74.0081302643276,75
vehicle_31,2024-10-14 13:30:00,40.71235103517458,-74.00556855891772,26
vehicle_32,2024-10-14 13:35:00,40.71439915374086,-74.00924314414368,59
vehicle_33,2024-10-14 13:40:00,40.712369697727155,-74.00924056913831,47
vehicle_34,2024-10-14 13:45:00,40.71409559187563,-74.00835720925058,51
vehicle_35,2024-10-14 13:50:00,40.71324843610292,-74.00972766976317,54
vehicle_36,2024-10-14 13:55:00,40.713541552203736,-74.00908770979675,34
vehicle_37,2024-10-14 14:00:00,40.71470989404313,-74.00517395180727,67
vehicle_38,2024-10-14 14:05:00,40.71466965117942,-74.00785908030066,55
vehicle_39,2024-10-14 14:10:00,40.714453568916966,-74.00683990395788,40
vehicle_40,2024-10-14 14:15:00,40.71353044514137,-74.00636944370328,25
vehicle_41,2024-10-14 14:20:00,40.7142087194304,-74.00816519296497,20
vehicle_42,2024-10-14 14:25:00,40.71353869116656,-74.00926386462795,23
vehicle_43,2024-10-14 14:30:00,40.71460881824743,-74.00896709491889,30
vehicle_44,2024-10-14 14:35:00,40.7132083274997,-74.0084336676171,63
vehicle_45,2024-10-14 14:40:00,40.71491070603325,-74.00681965789823,45
vehicle_46,2024-10-14 14:45:00,40.71479696827469,-74.00800859725456,56
vehicle_47,2024-10-14 14:50:00,40.71422480785836,-74.0099659265105,42
vehicle_48,2024-10-14 14:55:00,40.712838247652535,-74.00738296407467,48
vehicle_49,2024-10-14 15:00:00,40.71239496076638,-74.00539243304046,40
vehicle_50,2024-10-14 15:05:00,40.71456411035028,-74.00593961194495,67
vehicle_1,2024-10-14 15:10:00,40.712495906858415,-74.0058739431437,64
vehicle_2,2024-10-14 15:15:00,40.714562782367,-74.00602470991197,64
vehicle_3,2024-10-14 15:20:00,40.71347229502014,-74.00838134587195,68
vehicle_4,2024-10-14 15:25:00,40.71321967035143,-74.00617403083123,46
vehicle_5,2024-10-14 15:30:00,40.71470957233651,-74.00928419321095,58
vehicle_6,2024-10-14 15:35:00,40.713811552947625,-74.00671141926362,59
vehicle_7,2024-10-14 15:40:00,40.713729842021394,-74.00679215716657,32
vehicle_8,2024-10-14 15:45:00,40.71367629783388,-74.00987215100456,42
vehicle_9,2024-10-14 15:50:00,40.71311350854806,-74.00606014933204,78
vehicle_10,2024-10-14 15:55:00,40.71435692931059,-74.00548375947452,35
vehicle_11,2024-10-14 16:00:00,40.71275839533205,-74.00866292360764,49
vehicle_12,2024-10-14 16:05:00,40.71481668488013,-74.00593804637907,23
vehicle_13,2024-10-14 16:10:00,40.71468195561514,-74.0095879701407,59
vehicle_14,2024-10-14 16:15:00,40.713012440977025,-74.0070001607087,35
vehicle_15,2024-10-14 16:20:00,40.7141883913095,-74.00757176567333,50
vehicle_16,2024-10-14 16:25:00,40.713719669583355,-74.00727038233346,72
vehicle_17,2024-10-14 16:30:00,40.713012947906,-74.00536897399057,61
vehicle_18,2024-10-14 16:35:00,40.71496556494399,-74.00564342376376,44
vehicle_19,2024-10-14 16:40:00,40.712075712037546,-74.0060745817138,63
vehicle_20,2024-10-14 16:45:00,40.71275793809187,-74.00863150771161,31
vehicle_21,2024-10-14 16:50:00,40.71356022218334,-74.00544090685656,45
vehicle_22,2024-10-14 16:55:00,40.71356585901044,-74.00951246153768,56
vehicle_23,2024-10-14 17:00:00,40.71376679922484,-74.00573335391721,67
vehicle_24,2024-10-14 17:05:00,40.71425502851607,-74.00835919963824,52
vehicle_25,2024-10-14 17:10:00,40.713870433491564,-74.0097311384417,47
vehicle_26,2024-10-14 17:15:00,40.71380084438159,-74.0066532150788,28
vehicle_27,2024-10-14 17:20:00,40.71216054338874,-74.00884360035842,31
vehicle_28,2024-10-14 17:25:00,40.713129590863375,-74.00878214437068,24
vehicle_29,2024-10-14 17:30:00,40.71269616721911,-74.00846976416886,73
vehicle_30,2024-10-14 17:35:00,40.71279611033481,-74.00968157616249,71
vehicle_31,2024-10-14 17:40:00,40.71366301242303,-74.00911436427901,73
vehicle_32,2024-10-14 17:45:00,40.71259851594479,-74.00997430186207,47
vehicle_33,2024-10-14 17:50:00,40.71288184730305,-74.00777295239448,75
vehicle_34,2024-10-14 17:55:00,40.71271125412556,-74.00957872311291,54
vehicle_35,2024-10-14 18:00:00,40.71484550882966,-74.00658673697478,24
vehicle_36,2024-10-14 18:05:00,40.714833997196514,-74.00882188574404,53
vehicle_37,2024-10-14 18:10:00,40.71382982467579,-74.00528212927982,65
vehicle_38,2024-10-14 18:15:00,40.7147735674062,-74.005643741863,53
vehicle_39,2024-10-14 18:20:00,40.71435743793641,-74.00855279552516,32
vehicle_40,2024-10-14 18:25:00,40.71376984364841,-74.00608392272672,58
vehicle_41,2024-10-14 18:30:00,40.71201930563449,-74.00598377547668,61
vehicle_42,2024-10-14 18:35:00,40.71431754885824,-74.00506718442942,64
vehicle_43,2024-10-14 18:40:00,40.71410746502477,-74.00701080006577,67
vehicle_44,2024-10-14 18:45:00,40.71384576095985,-74.00959017132679,77
vehicle_45,2024-10-14 18:50:00,40.714281272935054,-74.00676581385537,33
vehicle_46,2024-10-14 18:55:00,40.71353876649433,-74.00687510125812,30
vehicle_47,2024-10-14 19:00:00,40.714112249813965,-74.0068082471129,61
vehicle_48,2024-10-14 19:05:00,40.714805516260185,-74.00846427175948,57
vehicle_49,2024-10-14 19:10:00,40.713127415047545,-74.0057016020746,23
vehicle_50,2024-10-14 19:15:00,40.7141243655047,-74.00520263908521,72
